category|merchant_name
gas_transport|Park, Steele and Gonzales
gas_transport|Mills, Martin and Barnes
gas_transport|Cantu PLC
gas_transport|Nelson, Rivera and Moreno
gas_transport|Gonzalez Group
gas_transport|Randall-Church
gas_transport|Olson Inc
gas_transport|Curtis and Sons
gas_transport|Buchanan, Klein and Moss
gas_transport|Mills, Gould and Gonzalez
grocery_net|Lane, Brown and Moody
grocery_net|Hunter-Gibson
grocery_net|Burke Group
grocery_net|Mullins-Tyler
grocery_net|Collins and Sons
grocery_net|Moore Group
grocery_net|Roberson and Sons
grocery_net|Mcguire PLC
grocery_net|Gomez Ltd
grocery_net|Ball PLC
grocery_pos|Johnson-Thompson
grocery_pos|Lynch Ltd
grocery_pos|Mills, Flores and Green
grocery_pos|Torres-Moon
grocery_pos|Livingston-Johnson
grocery_pos|Clarke Inc
grocery_pos|Young-Mcdonald
grocery_pos|Daniels, Scott and Hawkins
grocery_pos|Kennedy-Davis
grocery_pos|Dennis-Mccoy
pharmacy|Barrett-Smith
pharmacy|Wood, Copeland and Stokes
pharmacy|Martin-Perez
pharmacy|Li-Hernandez
pharmacy|Kelly LLC
pharmacy|Moore Group
pharmacy|Smith LLC
pharmacy|Ramos, Evans and Johnson
pharmacy|Warren-Ellis
pharmacy|Beltran-Crosby
misc_net|Wilson and Sons
misc_net|Church-Williams
misc_net|Smith-Summers
misc_net|Kaiser, Walker and Delgado
misc_net|Mckee-Johnson
misc_net|Gonzalez LLC
misc_net|Boyer Inc
misc_net|Arnold, Frederick and Moore
misc_net|Jordan-Munoz
misc_net|Anderson LLC
misc_pos|Morris, Robles and Love
misc_pos|Mcclure-Marshall
misc_pos|Mitchell, Kelley and Powell
misc_pos|Stephens-Turner
misc_pos|Taylor-Hubbard
misc_pos|Rodriguez Inc
misc_pos|Shea-Barron
misc_pos|Miles, Martinez and Davidson
misc_pos|Guerrero Ltd
misc_pos|Jones LLC
shopping_net|Evans Inc
shopping_net|Singh Group
shopping_net|Durham, Cole and Carroll
shopping_net|Norris and Sons
shopping_net|Payne Group
shopping_net|Powell-Fitzgerald
shopping_net|Shea, Dorsey and Torres
shopping_net|Lewis-Moore
shopping_net|Bailey-Johnson
shopping_net|Leblanc Group
shopping_pos|Doyle, Butler and Clark
shopping_pos|Holland PLC
shopping_pos|Watts, Hunt and Phillips
shopping_pos|Farmer Ltd
shopping_pos|Carter, Williams and Clark
shopping_pos|Lewis-Moore
shopping_pos|Mosley-Deleon
shopping_pos|Manning, Greer and Ford
shopping_pos|Hernandez-Reyes
shopping_pos|White-Mclean
utilities|Young and Sons
utilities|Rogers, Williams and Elliott
utilities|Knight-Griffin
utilities|Parks PLC
utilities|Morales, Burke and Maxwell
utilities|Taylor-Fernandez
utilities|Cox-Green
utilities|Davis-Wright
utilities|Martinez-Schneider
utilities|Hatfield, Griffin and Murphy
entertainment|Hart-Rivera
entertainment|Shea LLC
entertainment|Harris, Lara and Richardson
entertainment|Conway-Allen
entertainment|Dalton, Bowman and Henderson
entertainment|Gonzales, Hicks and Bates
entertainment|Daniels-White
entertainment|Gibson-Moreno
entertainment|Long, Wilkerson and Alexander
entertainment|Cobb-Hayden
food_dining|House-Silva
food_dining|Acosta, Taylor and Byrd
food_dining|Hansen PLC
food_dining|Reid and Sons
food_dining|Smith, Sanchez and Villanueva
food_dining|Lewis and Sons
food_dining|Neal LLC
food_dining|Coleman, Lucas and Dunn
food_dining|Smith-Davis
food_dining|Anderson Inc
health_fitness|Burnett, Lindsey and Anderson
health_fitness|Miller-Collins
health_fitness|Valenzuela-Collins
health_fitness|Estes-Olsen
health_fitness|Mcdaniel, Benitez and Garrett
health_fitness|Reeves-Tate
health_fitness|Gonzalez-Greene
health_fitness|Garcia Group
health_fitness|Diaz PLC
health_fitness|Liu Group
home|Edwards, Davis and Scott
home|Moore-Hanson
home|Hampton-Rollins
home|Taylor-Baker
home|Johnson-Brown
home|Newman Group
home|Carson-Wong
home|Woodward-Martinez
home|Lynch, Rojas and Jones
home|Boyer Inc
kids_pets|Lewis-Marshall
kids_pets|Garza-Adams
kids_pets|Hall Group
kids_pets|Chase, Cabrera and Bennett
kids_pets|Brown and Sons
kids_pets|Sanchez Group
kids_pets|Peterson-Zimmerman
kids_pets|Anderson, Brooks and Roberts
kids_pets|Nguyen, Santiago and Spencer
kids_pets|Anderson, Glover and Simon
personal_care|Smith Ltd
personal_care|Clark Group
personal_care|Dyer LLC
personal_care|Pierce-Cannon
personal_care|Drake, Grimes and Thomas
personal_care|Arnold-Miller
personal_care|Rodriguez, Lopez and Wells
personal_care|Savage and Sons
personal_care|French, Nelson and Brown
personal_care|Ray, Murray and Young
travel|Garcia-French
travel|Rush, Avila and Moreno
travel|Walters-Butler
travel|Peterson, Case and Flores
travel|Hopkins-Mcconnell
travel|Hall-Reyes
travel|Monroe Ltd
travel|Smith PLC
travel|Chapman, Vaughn and Reed
travel|Rivera-Cruz
